{"cameraMode":{"drawMode":0,"name":"Shaded","section":"Shading Mode"},"sceneLighting":true,"audioPlay":false,"sceneViewState":{"m_AlwaysRefresh":false,"showFog":true,"showSkybox":true,"showFlares":true,"showImageEffects":true,"showParticleSystems":true,"showVisualEffectGraphs":true,"m_FxEnabled":true},"in2DMode":false,"pivot":{"x":-5.6957197189331059,"y":1.633210301399231,"z":-2.7848544120788576},"rotation":{"x":0.2673514783382416,"y":-0.10811938345432282,"z":0.030254578217864038,"w":0.9571016430854797},"size":10.94751262664795,"orthographic":false}